{"cameraMode":{"drawMode":0,"name":"Shaded","section":"Shading Mode"},"sceneLighting":false,"audioPlay":false,"sceneViewState":{"showFog":true,"showMaterialUpdate":true,"showSkybox":true,"showFlares":true,"showImageEffects":true,"showParticleSystems":true},"in2DMode":false,"pivot":{"x":-30.59000015258789,"y":3.8500001430511476,"z":1.1700000762939454},"rotation":{"x":-0.028784802183508874,"y":-0.9438183903694153,"z":0.31792494654655459,"w":-0.08545245975255966},"size":83.22078704833985,"orthographic":false}