{"cameraMode":{"drawMode":0,"name":"Shaded","section":"Shading Mode"},"sceneLighting":false,"audioPlay":false,"sceneViewState":{"showFog":true,"showMaterialUpdate":true,"showSkybox":true,"showFlares":true,"showImageEffects":true,"showParticleSystems":true},"in2DMode":false,"pivot":{"x":48.65562057495117,"y":34.36372756958008,"z":72.13157653808594},"rotation":{"x":-0.3232182562351227,"y":0.05533353611826897,"z":-0.018935387954115869,"w":-0.9445155262947083},"size":16.52239418029785,"orthographic":false}