{"cameraMode":{"drawMode":0,"name":"Shaded","section":"Shading Mode"},"sceneLighting":false,"audioPlay":false,"sceneViewState":{"showFog":true,"showMaterialUpdate":true,"showSkybox":true,"showFlares":true,"showImageEffects":true,"showParticleSystems":true},"in2DMode":false,"pivot":{"x":-2.5168378353118898,"y":2.6614561080932619,"z":-1.8992586135864258},"rotation":{"x":-0.1481856107711792,"y":0.8516679406166077,"z":-0.36391207575798037,"w":-0.34680089354515078},"size":19.402362823486329,"orthographic":false}