{"cameraMode":{"drawMode":0,"name":"Shaded","section":"Shading Mode"},"sceneLighting":false,"audioPlay":false,"sceneViewState":{"showFog":true,"showMaterialUpdate":true,"showSkybox":true,"showFlares":true,"showImageEffects":true,"showParticleSystems":true},"in2DMode":false,"pivot":{"x":-32.77054214477539,"y":4.877932071685791,"z":-7.847365379333496},"rotation":{"x":-0.24906110763549806,"y":-0.19508039951324464,"z":0.05129231885075569,"w":-0.9472493529319763},"size":11.091107368469239,"orthographic":false}